perturbation,old_reliability,new_reliability,rho,shared_cosine,gears_score,ridge_score,train_mean_score,old_trust,new_trust
CDKN1B,UNRELIABLE,SHARED,0.7751,0.7229,0.3530,0.7423,0.7116,LIMITED,LIMITED
CEBPA,UNRELIABLE,SPECIFIC,0.9917,0.5472,0.4661,0.4185,0.4125,LIMITED,TRUSTED
CNNM4,UNRELIABLE,SPECIFIC,0.9168,0.4521,0.1016,0.4350,0.4291,LIMITED,LIMITED
FOXF1,UNRELIABLE,SPECIFIC,0.6660,0.5663,0.0481,0.5087,0.5105,LIMITED,LIMITED
HNF4A,UNRELIABLE,SPECIFIC,0.9261,0.6971,0.2173,0.6516,0.6412,LIMITED,LIMITED
MEIS1,UNRELIABLE,SPECIFIC,0.8455,0.6167,0.4751,0.6145,0.6205,LIMITED,LIMITED
SAMD1,UNRELIABLE,SHARED,0.9089,0.8214,0.5157,0.7672,0.8138,LIMITED,LIMITED
ZBTB1,UNRELIABLE,SPECIFIC,0.9401,0.6813,0.4045,0.6973,0.6837,LIMITED,LIMITED
ZBTB10,UNRELIABLE,SPECIFIC,0.9224,0.6711,0.2543,0.5686,0.6032,LIMITED,LIMITED
ZBTB25,UNRELIABLE,SPECIFIC,0.9388,0.5234,0.4503,0.6274,0.5705,LIMITED,LIMITED
